"Language","Title","Short description","Full description"
"en-IN","Darshan Saathi Trust","Run your temple on Darshan Saathi: timings, sevas, bookings, hundi and payouts.","Darshan Saathi Trust is the app for temple teams — trustees, secretaries, priests and volunteers — who manage their temple on Darshan Saathi, where devotees find temples, see darshan timings, book sevas and give to the online hundi.

Keep your temple's page right
• Darshan and aarti timings, with different hours on Saturday and Sunday, and closures for eclipses or festivals
• Sevas and pujas with fees, time slots and in-app booking
• Festivals, bhajans and events, with registrations and tickets
• Photos, cover image, contact details, dress code and entry rules
• Reply to devotees' reviews

At the counter
• Scan a devotee's seva booking or event ticket and mark them received
• Find a booking by phone number or reference when a devotee has no phone
• Stamp devotees' temple passports
• Print the temple's check-in QR poster

Money, clearly
• Today's bookings and hundi at a glance, with daily, monthly and yearly reports
• Every settlement paid to the temple, with what it covered and the bank reference
• The temple's owner adds the bank account and verification documents once; payouts go straight to the temple's bank
• Switch the online hundi on or off

Getting started
Search for your temple and ask to manage it, or register a temple that is not listed yet. Our team checks every request before access is given.

In English, తెలుగు, हिन्दी, தமிழ் and ಕನ್ನಡ.

Questions? Write to support@darshansaathi.com or use Help & support in the app."
"te-IN","దర్శన్ సాథీ ట్రస్ట్","దర్శన్ సాథీలో మీ ఆలయం: సమయాలు, సేవలు, బుకింగ్‌లు, హుండీ, చెల్లింపులు.","దర్శన్ సాథీ ట్రస్ట్ ఆలయ బృందాల కోసం — ధర్మకర్తలు, కార్యదర్శులు, అర్చకులు, స్వచ్ఛంద సేవకులు — దర్శన్ సాథీలో తమ ఆలయాన్ని నిర్వహించే వారి కోసం యాప్. దర్శన్ సాథీలో భక్తులు ఆలయాలను కనుగొంటారు, దర్శన సమయాలు చూస్తారు, సేవలు బుక్ చేస్తారు, ఆన్‌లైన్ హుండీకి కానుకలు ఇస్తారు.

మీ ఆలయ పేజీ ఎప్పుడూ సరిగ్గా
• దర్శనం, హారతి సమయాలు — శని, ఆదివారాలకు వేరే సమయాలు, గ్రహణాలు లేదా పండుగలకు మూసివేతలు
• రుసుము, సమయ స్లాట్లు, యాప్‌లో బుకింగ్‌తో సేవలు, పూజలు
• పండుగలు, భజనలు, కార్యక్రమాలు — నమోదులు, టికెట్లతో
• ఫోటోలు, కవర్ చిత్రం, సంప్రదింపు వివరాలు, వస్త్రధారణ, ప్రవేశ నియమాలు
• భక్తుల సమీక్షలకు జవాబు

కౌంటర్ వద్ద
• భక్తుల సేవా బుకింగ్ లేదా కార్యక్రమ టికెట్‌ను స్కాన్ చేసి, వచ్చినట్లు నమోదు చేయండి
• ఫోన్ లేని భక్తుల బుకింగ్‌ను మొబైల్ నంబర్ లేదా రిఫరెన్స్‌తో కనుగొనండి
• భక్తుల ఆలయ పాస్‌పోర్ట్‌పై ముద్ర వేయండి
• ఆలయ చెక్-ఇన్ QR పోస్టర్‌ను ప్రింట్ చేయండి

డబ్బు లెక్కలు స్పష్టంగా
• నేటి బుకింగ్‌లు, హుండీ ఒక్క చూపులో — రోజు, నెల, సంవత్సర నివేదికలతో
• ఆలయానికి చెల్లించిన ప్రతి సెటిల్‌మెంట్ — దేనికోసం, బ్యాంక్ రిఫరెన్స్‌తో
• ఆలయ యజమాని బ్యాంక్ ఖాతా, ధృవీకరణ పత్రాలను ఒక్కసారి జోడిస్తారు; చెల్లింపులు నేరుగా ఆలయ బ్యాంకుకు
• ఆన్‌లైన్ హుండీని ఆన్ లేదా ఆఫ్ చేయండి

ప్రారంభించడం
మీ ఆలయాన్ని వెతికి నిర్వహించడానికి అభ్యర్థించండి, లేదా జాబితాలో లేని ఆలయాన్ని నమోదు చేయండి. ప్రవేశం ఇచ్చే ముందు మా బృందం ప్రతి అభ్యర్థనను తనిఖీ చేస్తుంది.

English, తెలుగు, हिन्दी, தமிழ், ಕನ್ನಡ భాషల్లో.

సందేహాలా? support@darshansaathi.com కు రాయండి లేదా యాప్‌లో సహాయం & మద్దతు ఉపయోగించండి."
"hi-IN","दर्शन साथी ट्रस्ट","दर्शन साथी पर अपना मंदिर चलाएँ: समय, सेवाएँ, बुकिंग, हुंडी और भुगतान।","दर्शन साथी ट्रस्ट मंदिर टीमों के लिए ऐप है — न्यासी, सचिव, पुजारी और स्वयंसेवक — जो दर्शन साथी पर अपना मंदिर संभालते हैं। दर्शन साथी पर भक्त मंदिर खोजते हैं, दर्शन का समय देखते हैं, सेवाएँ बुक करते हैं और ऑनलाइन हुंडी में दान देते हैं।

मंदिर का पेज हमेशा सही
• दर्शन और आरती का समय — शनिवार और रविवार के अलग समय, ग्रहण या त्योहारों पर बंदी
• शुल्क, समय-स्लॉट और ऐप में बुकिंग के साथ सेवाएँ और पूजाएँ
• त्योहार, भजन और कार्यक्रम — पंजीकरण और टिकट के साथ
• फ़ोटो, कवर चित्र, संपर्क विवरण, वेशभूषा और प्रवेश नियम
• भक्तों की समीक्षाओं का उत्तर

काउंटर पर
• भक्त की सेवा बुकिंग या कार्यक्रम टिकट स्कैन करें और आगमन दर्ज करें
• बिना फ़ोन वाले भक्त की बुकिंग मोबाइल नंबर या संदर्भ से खोजें
• भक्तों के मंदिर पासपोर्ट पर मुहर लगाएँ
• मंदिर का चेक-इन QR पोस्टर प्रिंट करें

पैसों का साफ़ हिसाब
• आज की बुकिंग और हुंडी एक नज़र में — दैनिक, मासिक और वार्षिक रिपोर्ट के साथ
• मंदिर को दिया गया हर भुगतान (सेटलमेंट) — किस चीज़ का था और बैंक संदर्भ के साथ
• मंदिर के मालिक बैंक खाता और सत्यापन दस्तावेज़ एक बार जोड़ते हैं; भुगतान सीधे मंदिर के बैंक में
• ऑनलाइन हुंडी चालू या बंद करें

शुरुआत
अपना मंदिर खोजें और उसे संभालने का अनुरोध करें, या सूची में न हो तो नया मंदिर पंजीकृत करें। पहुँच देने से पहले हमारी टीम हर अनुरोध की जाँच करती है।

English, తెలుగు, हिन्दी, தமிழ் और ಕನ್ನಡ में।

कोई प्रश्न? support@darshansaathi.com पर लिखें या ऐप में सहायता और समर्थन देखें।"
"ta-IN","தர்ஷன் சாத்தி டிரஸ்ட்","தர்ஷன் சாத்தியில் உங்கள் கோவில்: நேரங்கள், சேவைகள், முன்பதிவு, உண்டியல்.","தர்ஷன் சாத்தி டிரஸ்ட் என்பது கோவில் குழுக்களுக்கான செயலி — அறங்காவலர்கள், செயலாளர்கள், அர்ச்சகர்கள், தன்னார்வலர்கள் — தர்ஷன் சாத்தியில் தங்கள் கோவிலை நிர்வகிப்பவர்களுக்காக. தர்ஷன் சாத்தியில் பக்தர்கள் கோவில்களைக் கண்டறிகிறார்கள், தரிசன நேரங்களைப் பார்க்கிறார்கள், சேவைகளை முன்பதிவு செய்கிறார்கள், ஆன்லைன் உண்டியலுக்குக் காணிக்கை செலுத்துகிறார்கள்.

உங்கள் கோவில் பக்கம் எப்போதும் சரியாக
• தரிசனம், ஆரத்தி நேரங்கள் — சனி, ஞாயிறுக்கு வேறு நேரங்கள், கிரகணம் அல்லது திருவிழாக்களுக்கு மூடல்
• கட்டணம், நேர இடைவெளிகள், செயலியில் முன்பதிவுடன் சேவைகள், பூஜைகள்
• திருவிழாக்கள், பஜனைகள், நிகழ்ச்சிகள் — பதிவுகள், டிக்கெட்டுகளுடன்
• புகைப்படங்கள், அட்டைப் படம், தொடர்பு விவரங்கள், உடை, நுழைவு விதிகள்
• பக்தர்களின் மதிப்புரைகளுக்குப் பதில்

கவுண்டரில்
• பக்தரின் சேவை முன்பதிவு அல்லது நிகழ்ச்சி டிக்கெட்டை ஸ்கேன் செய்து வருகையைப் பதிவு செய்யுங்கள்
• தொலைபேசி இல்லாத பக்தரின் முன்பதிவை மொபைல் எண் அல்லது குறிப்பு எண்ணால் கண்டறியுங்கள்
• பக்தர்களின் கோவில் பாஸ்போர்ட்டில் முத்திரையிடுங்கள்
• கோவிலின் செக்-இன் QR சுவரொட்டியை அச்சிடுங்கள்

பணக் கணக்கு தெளிவாக
• இன்றைய முன்பதிவுகள், உண்டியல் ஒரே பார்வையில் — தினசரி, மாதாந்திர, ஆண்டு அறிக்கைகளுடன்
• கோவிலுக்குச் செலுத்தப்பட்ட ஒவ்வொரு தீர்வும் — எதற்காக, வங்கி குறிப்பு எண்ணுடன்
• கோவில் உரிமையாளர் வங்கிக் கணக்கு, சரிபார்ப்பு ஆவணங்களை ஒருமுறை சேர்க்கிறார்; பணம் நேரடியாகக் கோவிலின் வங்கிக்கு
• ஆன்லைன் உண்டியலை இயக்கவும் அல்லது நிறுத்தவும்

தொடங்குவது
உங்கள் கோவிலைத் தேடி நிர்வகிக்கக் கோருங்கள், அல்லது பட்டியலில் இல்லாத கோவிலைப் பதிவு செய்யுங்கள். அணுகல் வழங்கும் முன் எங்கள் குழு ஒவ்வொரு கோரிக்கையையும் சரிபார்க்கிறது.

English, తెలుగు, हिन्दी, தமிழ், ಕನ್ನಡ மொழிகளில்.

கேள்விகளா? support@darshansaathi.com க்கு எழுதுங்கள் அல்லது செயலியில் உதவி & ஆதரவைப் பயன்படுத்துங்கள்."
"kn-IN","ದರ್ಶನ್ ಸಾಥಿ ಟ್ರಸ್ಟ್","ದರ್ಶನ್ ಸಾಥಿಯಲ್ಲಿ ನಿಮ್ಮ ದೇವಾಲಯ: ಸಮಯ, ಸೇವೆಗಳು, ಬುಕಿಂಗ್, ಹುಂಡಿ ಮತ್ತು ಪಾವತಿ.","ದರ್ಶನ್ ಸಾಥಿ ಟ್ರಸ್ಟ್ ದೇವಾಲಯ ತಂಡಗಳಿಗಾಗಿ ಇರುವ ಆಪ್ — ಧರ್ಮದರ್ಶಿಗಳು, ಕಾರ್ಯದರ್ಶಿಗಳು, ಅರ್ಚಕರು ಮತ್ತು ಸ್ವಯಂಸೇವಕರು — ದರ್ಶನ್ ಸಾಥಿಯಲ್ಲಿ ತಮ್ಮ ದೇವಾಲಯವನ್ನು ನಿರ್ವಹಿಸುವವರಿಗಾಗಿ. ದರ್ಶನ್ ಸಾಥಿಯಲ್ಲಿ ಭಕ್ತರು ದೇವಾಲಯಗಳನ್ನು ಹುಡುಕುತ್ತಾರೆ, ದರ್ಶನದ ಸಮಯ ನೋಡುತ್ತಾರೆ, ಸೇವೆಗಳನ್ನು ಬುಕ್ ಮಾಡುತ್ತಾರೆ ಮತ್ತು ಆನ್‌ಲೈನ್ ಹುಂಡಿಗೆ ಕಾಣಿಕೆ ನೀಡುತ್ತಾರೆ.

ನಿಮ್ಮ ದೇವಾಲಯದ ಪುಟ ಯಾವಾಗಲೂ ಸರಿಯಾಗಿ
• ದರ್ಶನ ಮತ್ತು ಆರತಿ ಸಮಯ — ಶನಿವಾರ, ಭಾನುವಾರಕ್ಕೆ ಬೇರೆ ಸಮಯ, ಗ್ರಹಣ ಅಥವಾ ಹಬ್ಬಗಳಿಗೆ ಮುಚ್ಚುವಿಕೆ
• ಶುಲ್ಕ, ಸಮಯದ ಸ್ಲಾಟ್‌ಗಳು ಮತ್ತು ಆಪ್‌ನಲ್ಲಿ ಬುಕಿಂಗ್‌ನೊಂದಿಗೆ ಸೇವೆಗಳು ಮತ್ತು ಪೂಜೆಗಳು
• ಹಬ್ಬಗಳು, ಭಜನೆಗಳು ಮತ್ತು ಕಾರ್ಯಕ್ರಮಗಳು — ನೋಂದಣಿ ಮತ್ತು ಟಿಕೆಟ್‌ಗಳೊಂದಿಗೆ
• ಫೋಟೋಗಳು, ಕವರ್ ಚಿತ್ರ, ಸಂಪರ್ಕ ವಿವರಗಳು, ಉಡುಪು ಮತ್ತು ಪ್ರವೇಶ ನಿಯಮಗಳು
• ಭಕ್ತರ ವಿಮರ್ಶೆಗಳಿಗೆ ಉತ್ತರ

ಕೌಂಟರ್‌ನಲ್ಲಿ
• ಭಕ್ತರ ಸೇವಾ ಬುಕಿಂಗ್ ಅಥವಾ ಕಾರ್ಯಕ್ರಮದ ಟಿಕೆಟ್ ಸ್ಕ್ಯಾನ್ ಮಾಡಿ, ಬಂದಿರುವುದನ್ನು ದಾಖಲಿಸಿ
• ಫೋನ್ ಇಲ್ಲದ ಭಕ್ತರ ಬುಕಿಂಗ್ ಅನ್ನು ಮೊಬೈಲ್ ಸಂಖ್ಯೆ ಅಥವಾ ಉಲ್ಲೇಖದಿಂದ ಹುಡುಕಿ
• ಭಕ್ತರ ದೇವಾಲಯ ಪಾಸ್‌ಪೋರ್ಟ್‌ಗೆ ಮುದ್ರೆ ಹಾಕಿ
• ದೇವಾಲಯದ ಚೆಕ್-ಇನ್ QR ಪೋಸ್ಟರ್ ಮುದ್ರಿಸಿ

ಹಣದ ಲೆಕ್ಕ ಸ್ಪಷ್ಟವಾಗಿ
• ಇಂದಿನ ಬುಕಿಂಗ್ ಮತ್ತು ಹುಂಡಿ ಒಂದೇ ನೋಟದಲ್ಲಿ — ದೈನಂದಿನ, ಮಾಸಿಕ ಮತ್ತು ವಾರ್ಷಿಕ ವರದಿಗಳೊಂದಿಗೆ
• ದೇವಾಲಯಕ್ಕೆ ಪಾವತಿಸಿದ ಪ್ರತಿ ಸೆಟಲ್‌ಮೆಂಟ್ — ಯಾವುದಕ್ಕಾಗಿ ಮತ್ತು ಬ್ಯಾಂಕ್ ಉಲ್ಲೇಖದೊಂದಿಗೆ
• ದೇವಾಲಯದ ಮಾಲೀಕರು ಬ್ಯಾಂಕ್ ಖಾತೆ ಮತ್ತು ಪರಿಶೀಲನಾ ದಾಖಲೆಗಳನ್ನು ಒಮ್ಮೆ ಸೇರಿಸುತ್ತಾರೆ; ಪಾವತಿಗಳು ನೇರವಾಗಿ ದೇವಾಲಯದ ಬ್ಯಾಂಕ್‌ಗೆ
• ಆನ್‌ಲೈನ್ ಹುಂಡಿಯನ್ನು ಆನ್ ಅಥವಾ ಆಫ್ ಮಾಡಿ

ಪ್ರಾರಂಭಿಸುವುದು
ನಿಮ್ಮ ದೇವಾಲಯವನ್ನು ಹುಡುಕಿ ನಿರ್ವಹಿಸಲು ವಿನಂತಿಸಿ, ಅಥವಾ ಪಟ್ಟಿಯಲ್ಲಿ ಇಲ್ಲದ ದೇವಾಲಯವನ್ನು ನೋಂದಾಯಿಸಿ. ಪ್ರವೇಶ ನೀಡುವ ಮೊದಲು ನಮ್ಮ ತಂಡ ಪ್ರತಿ ವಿನಂತಿಯನ್ನು ಪರಿಶೀಲಿಸುತ್ತದೆ.

English, తెలుగు, हिन्दी, தமிழ் ಮತ್ತು ಕನ್ನಡದಲ್ಲಿ.

ಪ್ರಶ್ನೆಗಳಿವೆಯೇ? support@darshansaathi.com ಗೆ ಬರೆಯಿರಿ ಅಥವಾ ಆಪ್‌ನಲ್ಲಿ ಸಹಾಯ ಮತ್ತು ಬೆಂಬಲ ಬಳಸಿ."
